id;name;balance
1;after though;25162.02
2;ha vary pillow;10257.47
3;eek;25727.69
4;spectate whoa;24704.49
5;fairly unlike immediate;21081.12
6;physically garage unnecessarily;8717.94
7;um;5226.56
8;probable duster within;5020.57
9;soon;7295.13
10;yowza seriously;13135.46
11;transparency;22139.87
12;fidget so;3453.51
13;adventurously;22239.96
14;reschedule;16723.26
15;mainstream;9761.56
16;whose;16444.21
17;ponder blah including;11519.32
18;augment battle hm;13122.01
19;drat;5748.3
20;even grumpy;26904.73
21;absent waterlogged bah;8857.14
22;wisely paltry train;22798.29
23;hydrocarbon until gnash;4276.63
24;viability;32586.71
25;once slight;9359.15
26;warlike without;6102.06
27;putrefy immediately since;4094.77
28;SUV helplessly castanet;26476.24
29;pace;4660.57
30;whoever boohoo why;11988.78
